id;first_name;last_name;contact;address;create_date;company_id
1;Nicola;Olson;zowie slink yum;collaborate braces;2024-05-23T11:04:27;1
2;Kacie;Dare;however pfft;waste;2024-05-22T17:48:41;2
3;Earl;Gusikowski;beastie;ack oddly raspberry;2024-05-23T04:34:58;3
4;Armani;Keeling;before up;around;2024-05-23T07:32:21;4
5;Lionel;Hagenes;quirky snowplow;yuck mid ascend;2024-05-23T00:52:15;5
6;Eugene;Feil;frightened because healthily;zowie;2024-05-23T06:16:39;6
7;Vita;Mitchell;mint but as;multicolored coo than;2024-05-22T15:17:51;7
8;Patrick;Stracke;through sandblast;an times;2024-05-23T05:21:17;8
9;Noemie;Prohaska;inquiry fairly;meanwhile between envious;2024-05-23T06:58:43;9
10;Kareem;Huels;pupil imbue bitterly;enzyme from;2024-05-23T11:59:22;10
